,Protocol_Type,Source_IP,Destination_IP,Packet_Length
Protocol_Type,1.0,0.9852775407019121,0.9858301894805667,-0.09744982680162585
Source_IP,0.9852775407019122,0.9999999999999998,0.9746547378276299,-0.10004016456551765
Destination_IP,0.9858301894805667,0.97465473782763,1.0,-0.07704229839162455
Packet_Length,-0.09744982680162585,-0.10004016456551765,-0.07704229839162455,0.9999999999999998
